<?xml version="1.0" encoding="utf-8"?>
<androidx.constraintlayout.widget.ConstraintLayout
    xmlns:android="http://schemas.android.com/apk/res/android"
    xmlns:app="http://schemas.android.com/apk/res-auto"
    xmlns:tools="http://schemas.android.com/tools"
    android:layout_width="match_parent"
    android:layout_height="match_parent"
    tools:context=".MainActivity">

    <!-- Display area at the top -->
    <TextView
        android:id="@+id/display"
        android:layout_width="0dp"
        android:layout_height="100dp"
        android:textSize="36sp"
        android:gravity="end|center_vertical"
        android:padding="16dp"
        android:background="#EAEAEA"
        android:text="0"
        app:layout_constraintTop_toTopOf="parent"
        app:layout_constraintStart_toStartOf="parent"
        app:layout_constraintEnd_toEndOf="parent" />

    <!-- Button grid pinned to the bottom -->
    <GridLayout
        android:id="@+id/button_grid"
        android:layout_width="0dp"
        android:layout_height="0dp"
        android:layout_margin="8dp"
        android:rowCount="5"
        android:columnCount="4"
        app:layout_constraintTop_toBottomOf="@id/display"
        app:layout_constraintBottom_toBottomOf="parent"
        app:layout_constraintStart_toStartOf="parent"
        app:layout_constraintEnd_toEndOf="parent">

        <!-- Buttons -->
        <Button android:id="@+id/button_1" android:text="1" style="@style/CalcButton"/>
        <Button android:id="@+id/button_2" android:text="2" style="@style/CalcButton"/>
        <Button android:id="@+id/button_3" android:text="3" style="@style/CalcButton"/>
        <Button android:id="@+id/button_add" android:text="+" style="@style/CalcButton"/>

        <Button android:id="@+id/button_4" android:text="4" style="@style/CalcButton"/>
        <Button android:id="@+id/button_5" android:text="5" style="@style/CalcButton"/>
        <Button android:id="@+id/button_6" android:text="6" style="@style/CalcButton"/>
        <Button android:id="@+id/button_subtract" android:text="-" style="@style/CalcButton"/>

        <Button android:id="@+id/button_7" android:text="7" style="@style/CalcButton"/>
        <Button android:id="@+id/button_8" android:text="8" style="@style/CalcButton"/>
        <Button android:id="@+id/button_9" android:text="9" style="@style/CalcButton"/>
        <Button android:id="@+id/button_multiply" android:text="*" style="@style/CalcButton"/>

        <Button android:id="@+id/button_0" android:text="0" style="@style/CalcButton"/>
        <Button android:id="@+id/button_clear" android:text="C" style="@style/CalcButton"/>
        <Button android:id="@+id/button_equal" android:text="=" style="@style/CalcButton"/>
        <Button android:id="@+id/button_divide" android:text="/" style="@style/CalcButton"/>

    </GridLayout>
</androidx.constraintlayout.widget.ConstraintLayout>
