<!-- res/values/styles.xml -->
<resources>
    <style name="CalcButton">
        <item name="android:layout_width">0dp</item>
        <item name="android:layout_height">wrap_content</item>
        <item name="android:layout_columnWeight">1</item> <!-- Important for GridLayout -->
        <item name="android:layout_margin">4dp</item>
        <item name="android:textSize">24sp</item>
        <item name="android:background">#DDDDDD</item>
        <item name="android:textColor">#000000</item>
    </style>
</resources>